{
    "134247281": {
        "editor_effect": {
            "model_id": 134276348,
            "preview_icon": "",
            "name": "\u51b0\u5c01",
            "describe": "134247281",
            "key": 134247281,
            "res_type": "kkres",
            "res_identify": "",
            "scale": 1.0,
            "uid": "134247281",
            "source_effect": [
                102829
            ],
            "version": 1,
            "md5": "1e6376bd5f86450078bedbf70ab9388c",
            "deps_info": {
                "deps": [
                    [
                        "editor_icon",
                        902553
                    ],
                    [
                        "editor_icon",
                        901055
                    ],
                    [
                        "editor_icon",
                        901158
                    ],
                    [
                        "editor_icon",
                        901611
                    ]
                ],
                "sound_id_list": []
            }
        },
        "model": {
            "name": "\u51b0\u5c01",
            "model_id": 134276348,
            "effect_path": "Fx_Effect/Realism/Fx_Skill/Ice/Ice_X1_WP_bsqixi0001_copy",
            "meshes": [],
            "custom": true,
            "effect_keep": false,
            "effect_max_life": 1.099999994,
            "is_beam_effect": false
        }
    },
    "sub_type": null,
    "res_type": "editor_effect",
    "import_export_folder_info": "/code_explorer_custom_root_folder_name"
}