{
    "custom_editor_type": "custom_editor_icon",
    "describe": "",
    "has_upload": false,
    "key": 134242350,
    "md5": "7304632c3ed174b9c87f4e036f841dbd",
    "name": "\u9875\u7801 (3)",
    "path": "ui/134242350",
    "res_name": "\u9875\u7801 (3).png",
    "size": "29X125",
    "sub_type": "icon",
    "uid": "134242350",
    "url": "https://kk3.nosdn.127.net/editor/png/e7ce5565a0835cba2b4ad4c75274a13f.png",
    "version": 1,
    "res_type": "editor_icon",
    "import_export_folder_info": "/code_explorer_custom_root_folder_name"
}