{
    "custom_editor_type": "custom_editor_icon",
    "describe": "",
    "has_upload": false,
    "key": 134226366,
    "md5": "206e403777961535ed2bd6b214b06c26",
    "name": "\u661f\u7403\u7891\u4e0e\u661f\u7403-1",
    "path": "ui/134226366",
    "res_name": "\u661f\u7403\u7891\u4e0e\u661f\u7403-1.png",
    "size": "649X135",
    "sub_type": "icon",
    "uid": "134226366",
    "url": "https://kk3.nosdn.127.net/editor/png/543cd3a8abb83598c26efd1c78bf9abf.png",
    "version": 1,
    "res_type": "editor_icon",
    "import_export_folder_info": "/code_explorer_custom_root_folder_name"
}