{
    "custom_editor_type": "custom_editor_icon",
    "describe": "",
    "has_upload": false,
    "key": 134269869,
    "md5": "2988c417ffedf8575a8228cca9d99921",
    "name": "\u8840\u8ff9 1",
    "path": "ui/134269869",
    "res_name": "\u8840\u8ff9 1.png",
    "size": "1379X970",
    "sub_type": "icon",
    "uid": "134269869",
    "url": "https://kk3.nosdn.127.net/editor/png/2f8f4946eebe41945f291c6094bbe222.png",
    "version": 1,
    "res_type": "editor_icon",
    "import_export_folder_info": "/code_explorer_custom_root_folder_name"
}