{
    "custom_editor_type": "custom_editor_icon",
    "describe": "",
    "has_upload": false,
    "key": 134242487,
    "md5": "be1e1271e8641f828fd7267195051098",
    "name": "\u5e73\u8861\u91cd\u5851-3",
    "path": "ui/134242487",
    "res_name": "\u5e73\u8861\u91cd\u5851-3.png",
    "size": "649X120",
    "sub_type": "icon",
    "uid": "134242487",
    "url": "https://kk3.nosdn.127.net/editor/png/0c81b91b56a910aa55df2dd5ddd90fde.png",
    "version": 1,
    "res_type": "editor_icon",
    "import_export_folder_info": "/code_explorer_custom_root_folder_name"
}