{
    "custom_editor_type": "custom_editor_icon",
    "describe": "",
    "has_upload": false,
    "key": 134259178,
    "md5": "460c83a60a3dc6f1b64b2301e34066f7",
    "name": "\u7ea2\u8272\u906e\u7f694",
    "path": "ui/134259178",
    "res_name": "\u7ea2\u8272\u906e\u7f694.png",
    "size": "1920X1059",
    "sub_type": "icon",
    "uid": "134259178",
    "url": "https://kk3.nosdn.127.net/editor/png/413299dcea3869d9e0b21725fddbb23d.png",
    "version": 1,
    "res_type": "editor_icon",
    "import_export_folder_info": "/code_explorer_custom_root_folder_name"
}