{
    "custom_editor_type": "custom_editor_icon",
    "describe": "",
    "has_upload": false,
    "key": 134233254,
    "md5": "4f99282b586f69b4cc16f212231082ad",
    "name": "\u201c\u7814\u7a76\u53f0\u201d\u6807\u9898",
    "path": "ui/134233254",
    "res_name": "\u201c\u7814\u7a76\u53f0\u201d\u6807\u9898.png",
    "size": "584X326",
    "sub_type": "icon",
    "uid": "134233254",
    "url": "https://kk3.nosdn.127.net/editor/png/f5b2df87e5c7c79146ff8240f51f48a5.png",
    "version": 1,
    "res_type": "editor_icon",
    "import_export_folder_info": "/code_explorer_custom_root_folder_name"
}