{
    "custom_editor_type": "custom_editor_icon",
    "describe": "",
    "has_upload": false,
    "key": 134281713,
    "md5": "8dfd9619f3505e828482d3561f307097",
    "name": "\u661f\u7403\u7891-2",
    "path": "ui/134281713",
    "res_name": "\u661f\u7403\u7891-2.png",
    "size": "649X129",
    "sub_type": "icon",
    "uid": "134281713",
    "url": "https://kk3.nosdn.127.net/editor/png/86a582d4d0890e2df4d99c1c0f919207.png",
    "version": 1,
    "res_type": "editor_icon",
    "import_export_folder_info": "/code_explorer_custom_root_folder_name"
}