{
    "custom_editor_type": "custom_editor_icon",
    "describe": "",
    "has_upload": false,
    "key": 134234471,
    "md5": "75a56fdac6a69d81a5f821bef9248656",
    "name": "\u661f\u7403\u7891\u4e0e\u661f\u7403-3",
    "path": "ui/134234471",
    "res_name": "\u661f\u7403\u7891\u4e0e\u661f\u7403-3.png",
    "size": "649X138",
    "sub_type": "icon",
    "uid": "134234471",
    "url": "https://kk3.nosdn.127.net/editor/png/9d957dfff468682545f3ed8bdc7a5d90.png",
    "version": 1,
    "res_type": "editor_icon",
    "import_export_folder_info": "/code_explorer_custom_root_folder_name"
}