{
    "custom_editor_type": "custom_editor_icon",
    "describe": "",
    "has_upload": false,
    "key": 134246413,
    "md5": "6e43b3600c6991a83e280af43cd5cab8",
    "name": "\u6211\u7684\u8eab\u4efd",
    "path": "ui/134246413",
    "res_name": "\u6211\u7684\u8eab\u4efd.png",
    "size": "683X142",
    "sub_type": "icon",
    "uid": "134246413",
    "url": "https://kk3.nosdn.127.net/editor/png/7d4b5267c509b057a24eeebf189aa2f2.png",
    "version": 1,
    "res_type": "editor_icon",
    "import_export_folder_info": "/code_explorer_custom_root_folder_name"
}