{
    "custom_editor_type": "custom_editor_icon",
    "describe": "",
    "has_upload": false,
    "key": 134247691,
    "md5": "5fdd068a05a367d4c3fb9a0accd7a26f",
    "name": "\u9875\u7801 (1)",
    "path": "ui/134247691",
    "res_name": "\u9875\u7801 (1).png",
    "size": "29X125",
    "sub_type": "icon",
    "uid": "134247691",
    "url": "https://kk3.nosdn.127.net/editor/png/bb9b87c36776aabbfba97c0997c20487.png",
    "version": 1,
    "res_type": "editor_icon",
    "import_export_folder_info": "/code_explorer_custom_root_folder_name"
}