{
    "custom_editor_type": "custom_editor_icon",
    "describe": "",
    "has_upload": false,
    "key": 134246944,
    "md5": "13362801e49d89d772c1d7dbf767ab8b",
    "name": "\u573a\u57301_1",
    "path": "ui/134246944",
    "res_name": "\u573a\u57301.png",
    "size": "368X357",
    "sub_type": "icon",
    "uid": "134246944",
    "url": "https://kk3.nosdn.127.net/editor/png/e5df3dec1c1c3547732e266ec88091a6.png",
    "version": 1,
    "res_type": "editor_icon",
    "import_export_folder_info": "/code_explorer_custom_root_folder_name"
}