{
    "custom_editor_type": "custom_editor_icon",
    "describe": "",
    "has_upload": false,
    "key": 134218530,
    "md5": "4519d2e9b516f39642cc2c1a2ae594f8",
    "name": "\u9ec4\u660f",
    "path": "ui/134218530",
    "res_name": "\u9ec4\u660f.png",
    "size": "50X60",
    "sub_type": "icon",
    "uid": "134218530",
    "url": "https://kk3.nosdn.127.net/editor/png/c267b11575ffcd0dbd3d63ea6bb9460d.png",
    "version": 1,
    "res_type": "editor_icon",
    "import_export_folder_info": "/code_explorer_custom_root_folder_name"
}