{
    "custom_editor_type": "custom_editor_icon",
    "describe": "",
    "has_upload": false,
    "key": 134273128,
    "md5": "bb5dbd045ad610cf5c4d09c2d6cdb82e",
    "name": "\u8425\u5730\u4efb\u52a1\u8bf4\u660e (1)",
    "path": "ui/134273128",
    "res_name": "\u8425\u5730\u4efb\u52a1\u8bf4\u660e (1).png",
    "size": "465X200",
    "sub_type": "icon",
    "uid": "134273128",
    "version": 1,
    "res_type": "editor_icon",
    "import_export_folder_info": "/code_explorer_custom_root_folder_name"
}