{
    "custom_editor_type": "custom_editor_icon",
    "describe": "",
    "has_upload": false,
    "key": 134279179,
    "md5": "13f0ebd6cfc1994f4327de4c99fbbe0e",
    "name": "\u65b0\u7684\u79e9\u5e8f-3",
    "path": "ui/134279179",
    "res_name": "\u65b0\u7684\u79e9\u5e8f-3.png",
    "size": "649X117",
    "sub_type": "icon",
    "uid": "134279179",
    "url": "https://kk3.nosdn.127.net/editor/png/6aa16a50c590cab8c335faf32cf625c9.png",
    "version": 1,
    "res_type": "editor_icon",
    "import_export_folder_info": "/code_explorer_custom_root_folder_name"
}