{
    "custom_editor_type": "custom_editor_icon",
    "describe": "",
    "has_upload": false,
    "key": 134260711,
    "md5": "2e1e190becee06f8593c2ef44efcb7e0",
    "name": "\u661f\u7403\u7891-1",
    "path": "ui/134260711",
    "res_name": "\u661f\u7403\u7891-1.png",
    "size": "649X129",
    "sub_type": "icon",
    "uid": "134260711",
    "url": "https://kk3.nosdn.127.net/editor/png/bd3608ee3396b9c64f7277135cbb9a95.png",
    "version": 1,
    "res_type": "editor_icon",
    "import_export_folder_info": "/code_explorer_custom_root_folder_name"
}