{
    "custom_editor_type": "custom_editor_icon",
    "describe": "",
    "has_upload": false,
    "key": 134255099,
    "md5": "18a4b6e0c6ea12beaba605a6a3e4711f",
    "name": "Rectangle 92",
    "path": "ui/134255099",
    "res_name": "Rectangle 92.png",
    "size": "923X1005",
    "sub_type": "icon",
    "uid": "134255099",
    "url": "https://kk3.nosdn.127.net/editor/png/dd7eb403cdf5c81ea817eb132305c2d0.png",
    "version": 1,
    "res_type": "editor_icon",
    "import_export_folder_info": "/code_explorer_custom_root_folder_name"
}