{
    "custom_editor_type": "custom_editor_icon",
    "describe": "",
    "has_upload": false,
    "key": 134237834,
    "md5": "674d213fbdaf23639a66d6c216cfe8b3",
    "name": "\u591c\u665a",
    "path": "ui/134237834",
    "res_name": "\u591c\u665a.png",
    "size": "46X54",
    "sub_type": "icon",
    "uid": "134237834",
    "url": "https://kk3.nosdn.127.net/editor/png/d12b8efaf19d31ef2b4297faa8048cf7.png",
    "version": 1,
    "res_type": "editor_icon",
    "import_export_folder_info": "/code_explorer_custom_root_folder_name"
}