{
    "custom_editor_type": "custom_editor_icon",
    "describe": "",
    "has_upload": false,
    "key": 134231316,
    "md5": "cde543cefb30236157195cb0cc78cd23",
    "name": "\u573a\u57302_1",
    "path": "ui/134231316",
    "res_name": "\u573a\u57302.png",
    "size": "368X357",
    "sub_type": "icon",
    "uid": "134231316",
    "url": "https://kk3.nosdn.127.net/editor/png/1c438def26878aab0d5166646587bb64.png",
    "version": 1,
    "res_type": "editor_icon",
    "import_export_folder_info": "/code_explorer_custom_root_folder_name"
}