{
    "custom_editor_type": "custom_editor_icon",
    "describe": "",
    "has_upload": false,
    "key": 134258227,
    "md5": "11a09b469b0bbebdf155990035f535a4",
    "name": "\u62fe\u8352",
    "path": "ui/134258227",
    "res_name": "\u62fe\u8352.png",
    "size": "155X99",
    "sub_type": "icon",
    "uid": "134258227",
    "url": "https://kk3.nosdn.127.net/editor/png/f18fafe8a250c7f5ec34b57f9a0be54a.png",
    "version": 1,
    "res_type": "editor_icon",
    "import_export_folder_info": "/code_explorer_custom_root_folder_name"
}