{
    "134247331": {
        "editor_effect": {
            "model_id": 134230060,
            "preview_icon": "",
            "name": "\u751f\u7269\u6536\u96c6\u77f3\u7891",
            "describe": "134247331",
            "key": 134247331,
            "res_type": "kkres",
            "res_identify": "",
            "scale": 1.0,
            "uid": "134247331",
            "source_effect": [
                101437
            ],
            "version": 1,
            "md5": "df3e53d062b2091c1283ba4b0831008a",
            "deps_info": {
                "deps": [
                    [
                        "editor_icon",
                        902267
                    ],
                    [
                        "editor_icon",
                        902051
                    ],
                    [
                        "editor_icon",
                        901764
                    ],
                    [
                        "editor_icon",
                        902083
                    ],
                    [
                        "editor_icon",
                        901960
                    ],
                    [
                        "editor_icon",
                        902224
                    ],
                    [
                        "editor_icon",
                        900394
                    ],
                    [
                        "editor_icon",
                        901786
                    ],
                    [
                        "editor_icon",
                        900888
                    ],
                    [
                        "editor_icon",
                        901626
                    ],
                    [
                        "editor_icon",
                        901297
                    ],
                    [
                        "editor_icon",
                        900691
                    ],
                    [
                        "editor_icon",
                        902168
                    ],
                    [
                        "editor_icon",
                        900665
                    ],
                    [
                        "editor_icon",
                        901883
                    ]
                ],
                "sound_id_list": []
            }
        },
        "model": {
            "name": "\u751f\u7269\u6536\u96c6\u77f3\u7891",
            "model_id": 134230060,
            "effect_path": "Fx_Effect/Cartoon/Fx_Skill/Wind/Wind_3073_skill_03_03_copy",
            "meshes": [],
            "custom": true,
            "effect_keep": false,
            "effect_max_life": 3.36,
            "is_beam_effect": false
        }
    },
    "sub_type": null,
    "res_type": "editor_effect",
    "import_export_folder_info": "/code_explorer_custom_root_folder_name"
}