{
    "custom_editor_type": "custom_editor_icon",
    "describe": "",
    "has_upload": false,
    "key": 134242134,
    "md5": "e60369d854ad293780074a165d85770b",
    "name": "\u8425\u5730\u4efb\u52a1\u8bf4\u660e_1",
    "path": "ui/134242134",
    "res_name": "\u8425\u5730\u4efb\u52a1\u8bf4\u660e.png",
    "size": "465X200",
    "sub_type": "icon",
    "uid": "134242134",
    "version": 1,
    "res_type": "editor_icon",
    "import_export_folder_info": "/code_explorer_custom_root_folder_name"
}