{
    "custom_editor_type": "custom_editor_icon",
    "describe": "",
    "has_upload": false,
    "key": 134234004,
    "md5": "d1bb43bf7751f5de1810076e78b62ddb",
    "name": "\u4fe1\u606f\u680f_1",
    "path": "ui/134234004",
    "res_name": "\u4fe1\u606f\u680f.png",
    "size": "772X898",
    "sub_type": "icon",
    "uid": "134234004",
    "url": "https://kk3.nosdn.127.net/editor/png/01db96c13896e419fc3a77952991a925.png",
    "version": 1,
    "res_type": "editor_icon",
    "import_export_folder_info": "/code_explorer_custom_root_folder_name"
}