{
    "custom_editor_type": "custom_editor_icon",
    "describe": "",
    "has_upload": false,
    "key": 134231854,
    "md5": "391ca38ff3f7ae3289eff6e5f77c291f",
    "name": "\u65b0\u7684\u79e9\u5e8f-2",
    "path": "ui/134231854",
    "res_name": "\u65b0\u7684\u79e9\u5e8f-2.png",
    "size": "649X117",
    "sub_type": "icon",
    "uid": "134231854",
    "url": "https://kk3.nosdn.127.net/editor/png/3281bb44c83d2694c94fdb4fcf8120a5.png",
    "version": 1,
    "res_type": "editor_icon",
    "import_export_folder_info": "/code_explorer_custom_root_folder_name"
}