{
    "custom_editor_type": "custom_editor_icon",
    "describe": "",
    "has_upload": false,
    "key": 134218148,
    "md5": "8cae4c5ae87f127e9d710d775f8ee054",
    "name": "\u989c\u8272\u906e\u7f69",
    "path": "ui/134218148",
    "res_name": "\u989c\u8272\u906e\u7f69.png",
    "size": "1920X1080",
    "sub_type": "icon",
    "uid": "134218148",
    "url": "https://kk3.nosdn.127.net/editor/png/28ced2618f0b1684ea907b8f670562aa.png",
    "version": 1,
    "res_type": "editor_icon",
    "import_export_folder_info": "/code_explorer_custom_root_folder_name"
}