{
    "custom_editor_type": "custom_editor_icon",
    "describe": "",
    "has_upload": false,
    "key": 134232495,
    "md5": "744c7dd78c3928e0931a4ba31d8b56df",
    "name": "\u7ea2\u8272\u906e\u7f695",
    "path": "ui/134232495",
    "res_name": "\u7ea2\u8272\u906e\u7f695.png",
    "size": "1920X1054",
    "sub_type": "icon",
    "uid": "134232495",
    "url": "https://kk3.nosdn.127.net/editor/png/209abd557bf6518bc5659ce398f09140.png",
    "version": 1,
    "res_type": "editor_icon",
    "import_export_folder_info": "/code_explorer_custom_root_folder_name"
}