{
    "custom_editor_type": "custom_editor_icon",
    "describe": "",
    "has_upload": false,
    "key": 134256506,
    "md5": "42370ddcfea45ba5219f9a0b1e6106cb",
    "name": "\u4fe1\u606f\u680f3 (1)",
    "path": "ui/134256506",
    "res_name": "\u4fe1\u606f\u680f3 (1).png",
    "size": "772X898",
    "sub_type": "icon",
    "uid": "134256506",
    "url": "https://kk3.nosdn.127.net/editor/png/f34cbfbb78b04fcd2aae6727994a6a96.png",
    "version": 1,
    "res_type": "editor_icon",
    "import_export_folder_info": "/code_explorer_custom_root_folder_name"
}