{
    "custom_editor_type": "custom_editor_icon",
    "describe": "",
    "has_upload": false,
    "key": 134219077,
    "md5": "d410fd7ca0a974edc82abf7a7a62bbc6",
    "name": "\u5e73\u8861\u91cd\u5851-2",
    "path": "ui/134219077",
    "res_name": "\u5e73\u8861\u91cd\u5851-2.png",
    "size": "649X96",
    "sub_type": "icon",
    "uid": "134219077",
    "url": "https://kk3.nosdn.127.net/editor/png/6f04a133fdad4369aea370d7e4772af2.png",
    "version": 1,
    "res_type": "editor_icon",
    "import_export_folder_info": "/code_explorer_custom_root_folder_name"
}