{
    "custom_editor_type": "custom_editor_icon",
    "describe": "",
    "has_upload": false,
    "key": 134227503,
    "md5": "97840aba3520b429ee50fd261cf76703",
    "name": "\u9875\u7801",
    "path": "ui/134227503",
    "res_name": "\u9875\u7801.png",
    "size": "29X125",
    "sub_type": "icon",
    "uid": "134227503",
    "url": "https://kk3.nosdn.127.net/editor/png/572457244dbbcd3491486342c2cc94e0.png",
    "version": 1,
    "res_type": "editor_icon",
    "import_export_folder_info": "/code_explorer_custom_root_folder_name"
}