{
    "custom_editor_type": "custom_editor_icon",
    "describe": "",
    "has_upload": false,
    "key": 134261225,
    "md5": "0a20ef15ecee9f09835803707ac7511c",
    "name": "\u8d44\u6e90\u4e0d\u8db3",
    "path": "ui/134261225",
    "res_name": "\u8d44\u6e90\u4e0d\u8db3.png",
    "size": "572X171",
    "sub_type": "icon",
    "uid": "134261225",
    "url": "https://kk3.nosdn.127.net/editor/png/b864e7cc5d8aee3afbd680bac5f581a6.png",
    "version": 1,
    "res_type": "editor_icon",
    "import_export_folder_info": "/code_explorer_custom_root_folder_name"
}