{
    "custom_editor_type": "custom_editor_icon",
    "describe": "",
    "has_upload": false,
    "key": 134275480,
    "md5": "78ee1e4a7b0ca69a6c1db5d17735ee7e",
    "name": "\u8eab\u4efd",
    "path": "ui/134275480",
    "res_name": "\u8eab\u4efd.png",
    "size": "155X99",
    "sub_type": "icon",
    "uid": "134275480",
    "url": "https://kk3.nosdn.127.net/editor/png/5ae82e916d162c1b77e38485c7e92594.png",
    "version": 1,
    "res_type": "editor_icon",
    "import_export_folder_info": "/code_explorer_custom_root_folder_name"
}