{
    "custom_editor_type": "custom_editor_icon",
    "describe": "",
    "has_upload": false,
    "key": 134276263,
    "md5": "69b0750142b8407cc07f7b38fa05792e",
    "name": "\u9009\u62e9\u6218\u6597\u573a\u5730_1",
    "path": "ui/134276263",
    "res_name": "\u9009\u62e9\u6218\u6597\u573a\u5730.png",
    "size": "1334X1053",
    "sub_type": "icon",
    "uid": "134276263",
    "url": "https://kk3.nosdn.127.net/editor/png/484dea4977965672d0af45cd7b04a97a.png",
    "version": 1,
    "res_type": "editor_icon",
    "import_export_folder_info": "/code_explorer_custom_root_folder_name"
}