{
    "custom_editor_type": "custom_editor_icon",
    "describe": "",
    "has_upload": false,
    "key": 134233026,
    "md5": "0d43ce59e0e3d261f0ebc9431405edba",
    "name": "\u4fe1\u606f\u680f5",
    "path": "ui/134233026",
    "res_name": "\u4fe1\u606f\u680f5.png",
    "size": "772X182",
    "sub_type": "icon",
    "uid": "134233026",
    "url": "https://kk3.nosdn.127.net/editor/png/e57344bff4d70bb47a44749b438bee14.png",
    "version": 1,
    "res_type": "editor_icon",
    "import_export_folder_info": "/code_explorer_custom_root_folder_name"
}