{
    "custom_editor_type": "custom_editor_icon",
    "describe": "",
    "has_upload": false,
    "key": 134226046,
    "md5": "5a4eb2e893822505862fd767649518b5",
    "name": "\u95011",
    "path": "ui/134226046",
    "res_name": "\u95011.png",
    "size": "726X168",
    "sub_type": "icon",
    "uid": "134226046",
    "url": "https://kk3.nosdn.127.net/editor/png/5ef932caa311290473109e2e9e0fffa5.png",
    "version": 1,
    "res_type": "editor_icon",
    "import_export_folder_info": "/code_explorer_custom_root_folder_name"
}