{
    "custom_editor_type": "custom_editor_icon",
    "describe": "",
    "has_upload": false,
    "key": 134228879,
    "md5": "d907aa187351e52ba98f770406948f12",
    "name": "\u7761\u7720\u68462",
    "path": "ui/134228879",
    "res_name": "\u7761\u7720\u68462.png",
    "size": "882X1053",
    "sub_type": "icon",
    "uid": "134228879",
    "url": "https://kk3.nosdn.127.net/editor/png/2e131633fcefaad93490d9e8b3aa61a9.png",
    "version": 1,
    "res_type": "editor_icon",
    "import_export_folder_info": "/code_explorer_custom_root_folder_name"
}