{
    "134276644": {
        "editor_effect": {
            "model_id": 134271333,
            "preview_icon": "",
            "name": "\u6d77\u85fb\u732b\u7279\u6548",
            "describe": "134276644",
            "key": 134276644,
            "res_type": "kkres",
            "res_identify": "",
            "scale": 1.0,
            "uid": "134276644",
            "source_effect": [
                101428
            ],
            "version": 1,
            "md5": "09d6578cda94abb28fb7fb72f04f51ad",
            "deps_info": {
                "deps": [
                    [
                        "editor_icon",
                        901392
                    ],
                    [
                        "editor_icon",
                        901610
                    ],
                    [
                        "editor_icon",
                        900006
                    ],
                    [
                        "editor_icon",
                        901659
                    ],
                    [
                        "editor_icon",
                        901927
                    ],
                    [
                        "editor_icon",
                        902212
                    ],
                    [
                        "editor_icon",
                        900691
                    ]
                ],
                "sound_id_list": []
            }
        },
        "model": {
            "name": "\u6d77\u85fb\u732b\u7279\u6548",
            "model_id": 134271333,
            "effect_path": "fx/npc_fx/npc_3050/3050_skill_05_copy_1",
            "meshes": [],
            "custom": true,
            "effect_keep": false,
            "effect_max_life": 2.75,
            "is_beam_effect": false
        }
    },
    "sub_type": null,
    "res_type": "editor_effect",
    "import_export_folder_info": "/code_explorer_custom_root_folder_name"
}