<?xml version="1.0" encoding="utf-8"?>
<Resource>
	<Version>2</Version>
	<SMaterialData>
		<Root>
			<Sub/>
			<Entity type="SMaterialData">
				<name>_material</name>
				<info>
					<Layers count="5" ordered="true">
						<Element index="0">
							<LayerName>1_submat</LayerName>
							<ShaderName>Particle</ShaderName>
							<Parameters count="19" ordered="true">
								<Element index="0">
									<Name>DepthBuffer</Name>
									<Value>00000000-0000-0000-0000-000000000000</Value>
								</Element>
								<Element index="1">
									<Name>DiffuseTexture</Name>
									<Value>88f0b74c-f3f6-4169-9fdc-678a1a0dbf73</Value>
								</Element>
								<Element index="2">
									<Name>SSProfilesTextureGlobel</Name>
									<Value>00000000-0000-0000-0000-000000000000</Value>
								</Element>
								<Element index="3">
									<Name>ScreenTexture</Name>
									<Value>00000000-0000-0000-0000-000000000000</Value>
								</Element>
								<Element index="4">
									<Name>tIRVDayTextureA</Name>
									<Value>00000000-0000-0000-0000-000000000000</Value>
								</Element>
								<Element index="5">
									<Name>tIRVNightTextureA</Name>
									<Value>00000000-0000-0000-0000-000000000000</Value>
								</Element>
								<Element index="6">
									<Name>tScatteringAndTransmittanceVolume</Name>
									<Value>00000000-0000-0000-0000-000000000000</Value>
								</Element>
								<Element index="7">
									<Name>tShadowMapArray</Name>
									<Value>00000000-0000-0000-0000-000000000000</Value>
								</Element>
								<Element index="8">
									<Name>AdditionColor</Name>
									<Value>(1, 1, 1, 1)</Value>
								</Element>
								<Element index="9">
									<Name>BloomScale</Name>
									<Value>0.5</Value>
								</Element>
								<Element index="10">
									<Name>DepthBias</Name>
									<Value>0</Value>
								</Element>
								<Element index="11">
									<Name>Distortion</Name>
									<Value>false</Value>
								</Element>
								<Element index="12">
									<Name>FogStrength</Name>
									<Value>0</Value>
								</Element>
								<Element index="13">
									<Name>HDRScale</Name>
									<Value>2</Value>
								</Element>
								<Element index="14">
									<Name>InvFadeDistance</Name>
									<Value>5</Value>
								</Element>
								<Element index="15">
									<Name>Local</Name>
									<Value>true</Value>
								</Element>
								<Element index="16">
									<Name>ModulateColor</Name>
									<Value>(1, 1, 1, 4)</Value>
								</Element>
								<Element index="17">
									<Name>Soft</Name>
									<Value>true</Value>
								</Element>
								<Element index="18">
									<Name>UVScale</Name>
									<Value>(1, 1)</Value>
								</Element>
							</Parameters>
							<InactiveParameters count="0" ordered="true"/>
							<MultiPassMaterials count="0" ordered="true"/>
						</Element>
						<Element index="1">
							<LayerName>3_submat</LayerName>
							<ShaderName>Effect/Panner</ShaderName>
							<Parameters count="25" ordered="true">
								<Element index="0">
									<Name>DepthBuffer</Name>
									<Value>00000000-0000-0000-0000-000000000000</Value>
								</Element>
								<Element index="1">
									<Name>DiffuseTexture</Name>
									<Value>4494f74e-d465-4391-9a32-fb33ca3e2458</Value>
								</Element>
								<Element index="2">
									<Name>MaskTexture</Name>
									<Value>1f5765d9-bbfa-4bb0-b520-b796bf8c0c41</Value>
								</Element>
								<Element index="3">
									<Name>SSProfilesTextureGlobel</Name>
									<Value>00000000-0000-0000-0000-000000000000</Value>
								</Element>
								<Element index="4">
									<Name>TwistTexture</Name>
									<Value>06c22929-61c0-4c11-8ce3-aec7a445072f</Value>
								</Element>
								<Element index="5">
									<Name>tIRVDayTextureA</Name>
									<Value>00000000-0000-0000-0000-000000000000</Value>
								</Element>
								<Element index="6">
									<Name>tIRVNightTextureA</Name>
									<Value>00000000-0000-0000-0000-000000000000</Value>
								</Element>
								<Element index="7">
									<Name>tScatteringAndTransmittanceVolume</Name>
									<Value>00000000-0000-0000-0000-000000000000</Value>
								</Element>
								<Element index="8">
									<Name>tShadowMapArray</Name>
									<Value>00000000-0000-0000-0000-000000000000</Value>
								</Element>
								<Element index="9">
									<Name>AdditionColor</Name>
									<Value>(1, 1, 1, 1)</Value>
								</Element>
								<Element index="10">
									<Name>BloomScale</Name>
									<Value>0.5</Value>
								</Element>
								<Element index="11">
									<Name>DepthBias</Name>
									<Value>0</Value>
								</Element>
								<Element index="12">
									<Name>DiffuseUVOffset</Name>
									<Value>(0, 0)</Value>
								</Element>
								<Element index="13">
									<Name>DiffuseUVScolling</Name>
									<Value>(1, 1, 0, -0.5)</Value>
								</Element>
								<Element index="14">
									<Name>Distortion</Name>
									<Value>false</Value>
								</Element>
								<Element index="15">
									<Name>FogStrength</Name>
									<Value>0</Value>
								</Element>
								<Element index="16">
									<Name>HDRScale</Name>
									<Value>2</Value>
								</Element>
								<Element index="17">
									<Name>InvFadeDistance</Name>
									<Value>0</Value>
								</Element>
								<Element index="18">
									<Name>Local</Name>
									<Value>true</Value>
								</Element>
								<Element index="19">
									<Name>MaskUVTransform</Name>
									<Value>(1, 1, 0, 0)</Value>
								</Element>
								<Element index="20">
									<Name>ModulateColor</Name>
									<Value>(1, 1, 1, 12)</Value>
								</Element>
								<Element index="21">
									<Name>Soft</Name>
									<Value>false</Value>
								</Element>
								<Element index="22">
									<Name>TwistEnable</Name>
									<Value>false</Value>
								</Element>
								<Element index="23">
									<Name>TwistStrength</Name>
									<Value>(0.1, 0.2)</Value>
								</Element>
								<Element index="24">
									<Name>TwistUVScolling</Name>
									<Value>(1, 3, 0, 1)</Value>
								</Element>
							</Parameters>
							<InactiveParameters count="0" ordered="true"/>
							<MultiPassMaterials count="0" ordered="true"/>
						</Element>
						<Element index="2">
							<LayerName>5_submat</LayerName>
							<ShaderName>Effect/Twisted</ShaderName>
							<Parameters count="23" ordered="true">
								<Element index="0">
									<Name>DepthBuffer</Name>
									<Value>00000000-0000-0000-0000-000000000000</Value>
								</Element>
								<Element index="1">
									<Name>DiffuseTexture</Name>
									<Value>f7d2092d-e7d0-4ec5-a2e0-83ad1de0fd02</Value>
								</Element>
								<Element index="2">
									<Name>MaskTexture</Name>
									<Value>c59d22da-53e8-4016-bfa1-0a9c4adf4dde</Value>
								</Element>
								<Element index="3">
									<Name>SSProfilesTextureGlobel</Name>
									<Value>00000000-0000-0000-0000-000000000000</Value>
								</Element>
								<Element index="4">
									<Name>TwistTexture</Name>
									<Value>f887e2b7-1b20-4b8b-b5d1-1a1ff1eca7aa</Value>
								</Element>
								<Element index="5">
									<Name>tIRVDayTextureA</Name>
									<Value>00000000-0000-0000-0000-000000000000</Value>
								</Element>
								<Element index="6">
									<Name>tIRVNightTextureA</Name>
									<Value>00000000-0000-0000-0000-000000000000</Value>
								</Element>
								<Element index="7">
									<Name>tScatteringAndTransmittanceVolume</Name>
									<Value>00000000-0000-0000-0000-000000000000</Value>
								</Element>
								<Element index="8">
									<Name>tShadowMapArray</Name>
									<Value>00000000-0000-0000-0000-000000000000</Value>
								</Element>
								<Element index="9">
									<Name>AdditionColor</Name>
									<Value>(1, 1, 1, 1)</Value>
								</Element>
								<Element index="10">
									<Name>BloomScale</Name>
									<Value>1</Value>
								</Element>
								<Element index="11">
									<Name>DepthBias</Name>
									<Value>0</Value>
								</Element>
								<Element index="12">
									<Name>DiffuseUVScolling</Name>
									<Value>(1, 1, 0, -1)</Value>
								</Element>
								<Element index="13">
									<Name>Distortion</Name>
									<Value>false</Value>
								</Element>
								<Element index="14">
									<Name>FogStrength</Name>
									<Value>0</Value>
								</Element>
								<Element index="15">
									<Name>HDRScale</Name>
									<Value>2</Value>
								</Element>
								<Element index="16">
									<Name>InvFadeDistance</Name>
									<Value>0</Value>
								</Element>
								<Element index="17">
									<Name>Local</Name>
									<Value>true</Value>
								</Element>
								<Element index="18">
									<Name>MaskMapEnable</Name>
									<Value>false</Value>
								</Element>
								<Element index="19">
									<Name>ModulateColor</Name>
									<Value>(2, 2, 2, 1)</Value>
								</Element>
								<Element index="20">
									<Name>Soft</Name>
									<Value>false</Value>
								</Element>
								<Element index="21">
									<Name>TwistStrength</Name>
									<Value>(0.1, 0.1)</Value>
								</Element>
								<Element index="22">
									<Name>TwistUVScolling</Name>
									<Value>(1, 1, 0.2, 0.2)</Value>
								</Element>
							</Parameters>
							<InactiveParameters count="0" ordered="true"/>
							<MultiPassMaterials count="0" ordered="true"/>
						</Element>
						<Element index="3">
							<LayerName>6_submat</LayerName>
							<ShaderName>Effect/Twisted</ShaderName>
							<Parameters count="23" ordered="true">
								<Element index="0">
									<Name>DepthBuffer</Name>
									<Value>00000000-0000-0000-0000-000000000000</Value>
								</Element>
								<Element index="1">
									<Name>DiffuseTexture</Name>
									<Value>06c22929-61c0-4c11-8ce3-aec7a445072f</Value>
								</Element>
								<Element index="2">
									<Name>MaskTexture</Name>
									<Value>0a11e19a-8971-42d1-879b-6c3275a54902</Value>
								</Element>
								<Element index="3">
									<Name>SSProfilesTextureGlobel</Name>
									<Value>00000000-0000-0000-0000-000000000000</Value>
								</Element>
								<Element index="4">
									<Name>TwistTexture</Name>
									<Value>66c47ba8-925e-435a-9990-65bb7c80651c</Value>
								</Element>
								<Element index="5">
									<Name>tIRVDayTextureA</Name>
									<Value>00000000-0000-0000-0000-000000000000</Value>
								</Element>
								<Element index="6">
									<Name>tIRVNightTextureA</Name>
									<Value>00000000-0000-0000-0000-000000000000</Value>
								</Element>
								<Element index="7">
									<Name>tScatteringAndTransmittanceVolume</Name>
									<Value>00000000-0000-0000-0000-000000000000</Value>
								</Element>
								<Element index="8">
									<Name>tShadowMapArray</Name>
									<Value>00000000-0000-0000-0000-000000000000</Value>
								</Element>
								<Element index="9">
									<Name>AdditionColor</Name>
									<Value>(1, 1, 1, 1)</Value>
								</Element>
								<Element index="10">
									<Name>BloomScale</Name>
									<Value>0.5</Value>
								</Element>
								<Element index="11">
									<Name>DepthBias</Name>
									<Value>0</Value>
								</Element>
								<Element index="12">
									<Name>DiffuseUVScolling</Name>
									<Value>(1, 1, 0.2, -0.5)</Value>
								</Element>
								<Element index="13">
									<Name>Distortion</Name>
									<Value>false</Value>
								</Element>
								<Element index="14">
									<Name>FogStrength</Name>
									<Value>0</Value>
								</Element>
								<Element index="15">
									<Name>HDRScale</Name>
									<Value>2</Value>
								</Element>
								<Element index="16">
									<Name>InvFadeDistance</Name>
									<Value>0</Value>
								</Element>
								<Element index="17">
									<Name>Local</Name>
									<Value>true</Value>
								</Element>
								<Element index="18">
									<Name>MaskMapEnable</Name>
									<Value>false</Value>
								</Element>
								<Element index="19">
									<Name>ModulateColor</Name>
									<Value>(1.5, 1.5, 1.5, 11)</Value>
								</Element>
								<Element index="20">
									<Name>Soft</Name>
									<Value>false</Value>
								</Element>
								<Element index="21">
									<Name>TwistStrength</Name>
									<Value>(0.5, 0.5)</Value>
								</Element>
								<Element index="22">
									<Name>TwistUVScolling</Name>
									<Value>(1, 1, -0.25, -0.5)</Value>
								</Element>
							</Parameters>
							<InactiveParameters count="0" ordered="true"/>
							<MultiPassMaterials count="0" ordered="true"/>
						</Element>
						<Element index="4">
							<LayerName>__none___submat</LayerName>
							<ShaderName>Particle</ShaderName>
							<Parameters count="19" ordered="true">
								<Element index="0">
									<Name>DepthBuffer</Name>
									<Value>00000000-0000-0000-0000-000000000000</Value>
								</Element>
								<Element index="1">
									<Name>DiffuseTexture</Name>
									<Value>ffffffff-0100-0000-0100-00000a000000</Value>
								</Element>
								<Element index="2">
									<Name>SSProfilesTextureGlobel</Name>
									<Value>00000000-0000-0000-0000-000000000000</Value>
								</Element>
								<Element index="3">
									<Name>ScreenTexture</Name>
									<Value>00000000-0000-0000-0000-000000000000</Value>
								</Element>
								<Element index="4">
									<Name>tIRVDayTextureA</Name>
									<Value>00000000-0000-0000-0000-000000000000</Value>
								</Element>
								<Element index="5">
									<Name>tIRVNightTextureA</Name>
									<Value>00000000-0000-0000-0000-000000000000</Value>
								</Element>
								<Element index="6">
									<Name>tScatteringAndTransmittanceVolume</Name>
									<Value>00000000-0000-0000-0000-000000000000</Value>
								</Element>
								<Element index="7">
									<Name>tShadowMapArray</Name>
									<Value>00000000-0000-0000-0000-000000000000</Value>
								</Element>
								<Element index="8">
									<Name>AdditionColor</Name>
									<Value>(1, 1, 1, 1)</Value>
								</Element>
								<Element index="9">
									<Name>BloomScale</Name>
									<Value>0.5</Value>
								</Element>
								<Element index="10">
									<Name>DepthBias</Name>
									<Value>0</Value>
								</Element>
								<Element index="11">
									<Name>Distortion</Name>
									<Value>false</Value>
								</Element>
								<Element index="12">
									<Name>FogStrength</Name>
									<Value>0</Value>
								</Element>
								<Element index="13">
									<Name>HDRScale</Name>
									<Value>2</Value>
								</Element>
								<Element index="14">
									<Name>InvFadeDistance</Name>
									<Value>0</Value>
								</Element>
								<Element index="15">
									<Name>Local</Name>
									<Value>true</Value>
								</Element>
								<Element index="16">
									<Name>ModulateColor</Name>
									<Value>(1, 1, 1, 1)</Value>
								</Element>
								<Element index="17">
									<Name>Soft</Name>
									<Value>false</Value>
								</Element>
								<Element index="18">
									<Name>UVScale</Name>
									<Value>(1, 1)</Value>
								</Element>
							</Parameters>
							<InactiveParameters count="0" ordered="true"/>
							<MultiPassMaterials count="0" ordered="true"/>
						</Element>
					</Layers>
				</info>
				<flags count="5" ordered="true">
					<Element index="0">1048608</Element>
					<Element index="1">1048608</Element>
					<Element index="2">1048608</Element>
					<Element index="3">1048608</Element>
					<Element index="4">1048608</Element>
				</flags>
				<CustomRenderset count="1" ordered="true">
					<Element index="0">0</Element>
				</CustomRenderset>
			</Entity>
		</Root>
	</SMaterialData>
</Resource>

