{
    "custom_editor_type": "custom_editor_icon",
    "describe": "",
    "has_upload": false,
    "key": 134228797,
    "md5": "8630dd9e4080fa0fa2022c648c87f55d",
    "name": "\u8d44\u6e90",
    "path": "ui/134228797",
    "res_name": "\u8d44\u6e90.png",
    "size": "237X89",
    "sub_type": "icon",
    "uid": "134228797",
    "url": "https://kk3.nosdn.127.net/editor/png/56b435c07491cae1cf083a7048fcca38.png",
    "version": 1,
    "res_type": "editor_icon",
    "import_export_folder_info": "/code_explorer_custom_root_folder_name"
}