{
    "custom_editor_type": "custom_editor_icon",
    "describe": "",
    "has_upload": false,
    "key": 134265404,
    "md5": "607259516e09363df82c17f85df41a25",
    "name": "\u661f\u7403\u7891\u4e0e\u751f\u7269-2",
    "path": "ui/134265404",
    "res_name": "\u661f\u7403\u7891\u4e0e\u751f\u7269-2.png",
    "size": "649X135",
    "sub_type": "icon",
    "uid": "134265404",
    "url": "https://kk3.nosdn.127.net/editor/png/d5508b97a78ecad7cd75a52a85fb9278.png",
    "version": 1,
    "res_type": "editor_icon",
    "import_export_folder_info": "/code_explorer_custom_root_folder_name"
}