{
    "custom_editor_type": "custom_editor_icon",
    "describe": "",
    "has_upload": false,
    "key": 134278181,
    "md5": "3868f8d17bdf79160cccc13b5496b3d7",
    "name": "\u6545\u4e8b",
    "path": "ui/134278181",
    "res_name": "\u6545\u4e8b.png",
    "size": "156X103",
    "sub_type": "icon",
    "uid": "134278181",
    "url": "https://kk3.nosdn.127.net/editor/png/a6645c795112f457bc44f82b25d9c52e.png",
    "version": 1,
    "res_type": "editor_icon",
    "import_export_folder_info": "/code_explorer_custom_root_folder_name"
}