<?xml version="1.0" encoding="utf-8"?>
<Resource>
	<Version>2</Version>
	<SMaterialData>
		<Root>
			<Sub/>
			<Entity type="SMaterialData">
				<name>_material</name>
				<info>
					<Layers count="9" ordered="true">
						<Element index="0">
							<LayerName>mesh_fenweihuan_submat</LayerName>
							<ShaderName>Effect/Twisted</ShaderName>
							<Parameters count="23" ordered="true">
								<Element index="0">
									<Name>DepthBuffer</Name>
									<Value>00000000-0000-0000-0000-000000000000</Value>
								</Element>
								<Element index="1">
									<Name>DiffuseTexture</Name>
									<Value>c41ec8ad-5f25-4b93-bb75-a553d91b7408</Value>
								</Element>
								<Element index="2">
									<Name>MaskTexture</Name>
									<Value>83e7e657-9504-4de7-8872-cadeaad6f557</Value>
								</Element>
								<Element index="3">
									<Name>SSProfilesTextureGlobel</Name>
									<Value>00000000-0000-0000-0000-000000000000</Value>
								</Element>
								<Element index="4">
									<Name>TwistTexture</Name>
									<Value>e23200c8-ea3d-4366-bd37-89a66bbacf70</Value>
								</Element>
								<Element index="5">
									<Name>tIRVDayTextureA</Name>
									<Value>00000000-0000-0000-0000-000000000000</Value>
								</Element>
								<Element index="6">
									<Name>tIRVNightTextureA</Name>
									<Value>00000000-0000-0000-0000-000000000000</Value>
								</Element>
								<Element index="7">
									<Name>tScatteringAndTransmittanceVolume</Name>
									<Value>00000000-0000-0000-0000-000000000000</Value>
								</Element>
								<Element index="8">
									<Name>tShadowMapArray</Name>
									<Value>00000000-0000-0000-0000-000000000000</Value>
								</Element>
								<Element index="9">
									<Name>AdditionColor</Name>
									<Value>(1, 1, 1, 1)</Value>
								</Element>
								<Element index="10">
									<Name>BloomScale</Name>
									<Value>0</Value>
								</Element>
								<Element index="11">
									<Name>DepthBias</Name>
									<Value>0</Value>
								</Element>
								<Element index="12">
									<Name>DiffuseUVScolling</Name>
									<Value>(2, 1, 3, 0)</Value>
								</Element>
								<Element index="13">
									<Name>Distortion</Name>
									<Value>false</Value>
								</Element>
								<Element index="14">
									<Name>FogStrength</Name>
									<Value>0</Value>
								</Element>
								<Element index="15">
									<Name>HDRScale</Name>
									<Value>2</Value>
								</Element>
								<Element index="16">
									<Name>InvFadeDistance</Name>
									<Value>0</Value>
								</Element>
								<Element index="17">
									<Name>Local</Name>
									<Value>true</Value>
								</Element>
								<Element index="18">
									<Name>MaskMapEnable</Name>
									<Value>false</Value>
								</Element>
								<Element index="19">
									<Name>ModulateColor</Name>
									<Value>(1, 1, 1, 1)</Value>
								</Element>
								<Element index="20">
									<Name>Soft</Name>
									<Value>false</Value>
								</Element>
								<Element index="21">
									<Name>TwistStrength</Name>
									<Value>(0, 0)</Value>
								</Element>
								<Element index="22">
									<Name>TwistUVScolling</Name>
									<Value>(1, 1, -0.5, 0)</Value>
								</Element>
							</Parameters>
							<InactiveParameters count="0" ordered="true"/>
							<MultiPassMaterials count="0" ordered="true"/>
						</Element>
						<Element index="1">
							<LayerName>mesh_fenweihuan_submat</LayerName>
							<ShaderName>Effect/Twisted</ShaderName>
							<Parameters count="23" ordered="true">
								<Element index="0">
									<Name>DepthBuffer</Name>
									<Value>00000000-0000-0000-0000-000000000000</Value>
								</Element>
								<Element index="1">
									<Name>DiffuseTexture</Name>
									<Value>fbcfe3da-81df-41db-a854-652639c9a43b</Value>
								</Element>
								<Element index="2">
									<Name>MaskTexture</Name>
									<Value>83e7e657-9504-4de7-8872-cadeaad6f557</Value>
								</Element>
								<Element index="3">
									<Name>SSProfilesTextureGlobel</Name>
									<Value>00000000-0000-0000-0000-000000000000</Value>
								</Element>
								<Element index="4">
									<Name>TwistTexture</Name>
									<Value>00000000-0000-0000-0000-000000000000</Value>
								</Element>
								<Element index="5">
									<Name>tIRVDayTextureA</Name>
									<Value>00000000-0000-0000-0000-000000000000</Value>
								</Element>
								<Element index="6">
									<Name>tIRVNightTextureA</Name>
									<Value>00000000-0000-0000-0000-000000000000</Value>
								</Element>
								<Element index="7">
									<Name>tScatteringAndTransmittanceVolume</Name>
									<Value>00000000-0000-0000-0000-000000000000</Value>
								</Element>
								<Element index="8">
									<Name>tShadowMapArray</Name>
									<Value>00000000-0000-0000-0000-000000000000</Value>
								</Element>
								<Element index="9">
									<Name>AdditionColor</Name>
									<Value>(1, 1, 1, 1)</Value>
								</Element>
								<Element index="10">
									<Name>BloomScale</Name>
									<Value>0</Value>
								</Element>
								<Element index="11">
									<Name>DepthBias</Name>
									<Value>0</Value>
								</Element>
								<Element index="12">
									<Name>DiffuseUVScolling</Name>
									<Value>(1, 1, 3, 0)</Value>
								</Element>
								<Element index="13">
									<Name>Distortion</Name>
									<Value>false</Value>
								</Element>
								<Element index="14">
									<Name>FogStrength</Name>
									<Value>0</Value>
								</Element>
								<Element index="15">
									<Name>HDRScale</Name>
									<Value>3.1</Value>
								</Element>
								<Element index="16">
									<Name>InvFadeDistance</Name>
									<Value>0</Value>
								</Element>
								<Element index="17">
									<Name>Local</Name>
									<Value>true</Value>
								</Element>
								<Element index="18">
									<Name>MaskMapEnable</Name>
									<Value>false</Value>
								</Element>
								<Element index="19">
									<Name>ModulateColor</Name>
									<Value>(1, 1, 1, 1)</Value>
								</Element>
								<Element index="20">
									<Name>Soft</Name>
									<Value>false</Value>
								</Element>
								<Element index="21">
									<Name>TwistStrength</Name>
									<Value>(0, 0)</Value>
								</Element>
								<Element index="22">
									<Name>TwistUVScolling</Name>
									<Value>(1, 1, -0.5, 0)</Value>
								</Element>
							</Parameters>
							<InactiveParameters count="0" ordered="true"/>
							<MultiPassMaterials count="0" ordered="true"/>
						</Element>
						<Element index="2">
							<LayerName>glow_Yup_submat</LayerName>
							<ShaderName>Particle</ShaderName>
							<Parameters count="19" ordered="true">
								<Element index="0">
									<Name>DepthBuffer</Name>
									<Value>00000000-0000-0000-0000-000000000000</Value>
								</Element>
								<Element index="1">
									<Name>DiffuseTexture</Name>
									<Value>bfe07645-6d19-444c-a918-451e515dbbcd</Value>
								</Element>
								<Element index="2">
									<Name>SSProfilesTextureGlobel</Name>
									<Value>00000000-0000-0000-0000-000000000000</Value>
								</Element>
								<Element index="3">
									<Name>ScreenTexture</Name>
									<Value>00000000-0000-0000-0000-000000000000</Value>
								</Element>
								<Element index="4">
									<Name>tIRVDayTextureA</Name>
									<Value>00000000-0000-0000-0000-000000000000</Value>
								</Element>
								<Element index="5">
									<Name>tIRVNightTextureA</Name>
									<Value>00000000-0000-0000-0000-000000000000</Value>
								</Element>
								<Element index="6">
									<Name>tScatteringAndTransmittanceVolume</Name>
									<Value>00000000-0000-0000-0000-000000000000</Value>
								</Element>
								<Element index="7">
									<Name>tShadowMapArray</Name>
									<Value>00000000-0000-0000-0000-000000000000</Value>
								</Element>
								<Element index="8">
									<Name>AdditionColor</Name>
									<Value>(1, 1, 1, 1)</Value>
								</Element>
								<Element index="9">
									<Name>BloomScale</Name>
									<Value>0.5</Value>
								</Element>
								<Element index="10">
									<Name>DepthBias</Name>
									<Value>0</Value>
								</Element>
								<Element index="11">
									<Name>Distortion</Name>
									<Value>false</Value>
								</Element>
								<Element index="12">
									<Name>FogStrength</Name>
									<Value>0</Value>
								</Element>
								<Element index="13">
									<Name>HDRScale</Name>
									<Value>3.899999</Value>
								</Element>
								<Element index="14">
									<Name>InvFadeDistance</Name>
									<Value>0</Value>
								</Element>
								<Element index="15">
									<Name>Local</Name>
									<Value>true</Value>
								</Element>
								<Element index="16">
									<Name>ModulateColor</Name>
									<Value>(1, 1, 1, 0.5)</Value>
								</Element>
								<Element index="17">
									<Name>Soft</Name>
									<Value>false</Value>
								</Element>
								<Element index="18">
									<Name>UVScale</Name>
									<Value>(1, 1)</Value>
								</Element>
							</Parameters>
							<InactiveParameters count="0" ordered="true"/>
							<MultiPassMaterials count="0" ordered="true"/>
						</Element>
						<Element index="3">
							<LayerName>__none___submat</LayerName>
							<ShaderName>Effect/Twisted</ShaderName>
							<Parameters count="23" ordered="true">
								<Element index="0">
									<Name>DepthBuffer</Name>
									<Value>00000000-0000-0000-0000-000000000000</Value>
								</Element>
								<Element index="1">
									<Name>DiffuseTexture</Name>
									<Value>cf13a059-ce58-4d6f-ad83-993d4604ada8</Value>
								</Element>
								<Element index="2">
									<Name>MaskTexture</Name>
									<Value>c9e4f792-e90d-47d1-a923-cd879b308f48</Value>
								</Element>
								<Element index="3">
									<Name>SSProfilesTextureGlobel</Name>
									<Value>00000000-0000-0000-0000-000000000000</Value>
								</Element>
								<Element index="4">
									<Name>TwistTexture</Name>
									<Value>a20ee187-c706-4fe3-970c-21b54c31c83a</Value>
								</Element>
								<Element index="5">
									<Name>tIRVDayTextureA</Name>
									<Value>00000000-0000-0000-0000-000000000000</Value>
								</Element>
								<Element index="6">
									<Name>tIRVNightTextureA</Name>
									<Value>00000000-0000-0000-0000-000000000000</Value>
								</Element>
								<Element index="7">
									<Name>tScatteringAndTransmittanceVolume</Name>
									<Value>00000000-0000-0000-0000-000000000000</Value>
								</Element>
								<Element index="8">
									<Name>tShadowMapArray</Name>
									<Value>00000000-0000-0000-0000-000000000000</Value>
								</Element>
								<Element index="9">
									<Name>AdditionColor</Name>
									<Value>(1, 1, 1, 1)</Value>
								</Element>
								<Element index="10">
									<Name>BloomScale</Name>
									<Value>0.5</Value>
								</Element>
								<Element index="11">
									<Name>DepthBias</Name>
									<Value>0</Value>
								</Element>
								<Element index="12">
									<Name>DiffuseUVScolling</Name>
									<Value>(3, -2, 0, 1.3)</Value>
								</Element>
								<Element index="13">
									<Name>Distortion</Name>
									<Value>false</Value>
								</Element>
								<Element index="14">
									<Name>FogStrength</Name>
									<Value>0</Value>
								</Element>
								<Element index="15">
									<Name>HDRScale</Name>
									<Value>3</Value>
								</Element>
								<Element index="16">
									<Name>InvFadeDistance</Name>
									<Value>0</Value>
								</Element>
								<Element index="17">
									<Name>Local</Name>
									<Value>true</Value>
								</Element>
								<Element index="18">
									<Name>MaskMapEnable</Name>
									<Value>false</Value>
								</Element>
								<Element index="19">
									<Name>ModulateColor</Name>
									<Value>(1, 1, 1, 1.2)</Value>
								</Element>
								<Element index="20">
									<Name>Soft</Name>
									<Value>false</Value>
								</Element>
								<Element index="21">
									<Name>TwistStrength</Name>
									<Value>(0, -0.01)</Value>
								</Element>
								<Element index="22">
									<Name>TwistUVScolling</Name>
									<Value>(2, 2, 0, 0)</Value>
								</Element>
							</Parameters>
							<InactiveParameters count="0" ordered="true"/>
							<MultiPassMaterials count="0" ordered="true"/>
						</Element>
						<Element index="4">
							<LayerName>lizi_submat</LayerName>
							<ShaderName>Particle</ShaderName>
							<Parameters count="19" ordered="true">
								<Element index="0">
									<Name>DepthBuffer</Name>
									<Value>00000000-0000-0000-0000-000000000000</Value>
								</Element>
								<Element index="1">
									<Name>DiffuseTexture</Name>
									<Value>c60d70fc-aa58-4856-9587-775dfd75a196</Value>
								</Element>
								<Element index="2">
									<Name>SSProfilesTextureGlobel</Name>
									<Value>00000000-0000-0000-0000-000000000000</Value>
								</Element>
								<Element index="3">
									<Name>ScreenTexture</Name>
									<Value>00000000-0000-0000-0000-000000000000</Value>
								</Element>
								<Element index="4">
									<Name>tIRVDayTextureA</Name>
									<Value>00000000-0000-0000-0000-000000000000</Value>
								</Element>
								<Element index="5">
									<Name>tIRVNightTextureA</Name>
									<Value>00000000-0000-0000-0000-000000000000</Value>
								</Element>
								<Element index="6">
									<Name>tScatteringAndTransmittanceVolume</Name>
									<Value>00000000-0000-0000-0000-000000000000</Value>
								</Element>
								<Element index="7">
									<Name>tShadowMapArray</Name>
									<Value>00000000-0000-0000-0000-000000000000</Value>
								</Element>
								<Element index="8">
									<Name>AdditionColor</Name>
									<Value>(1, 1, 1, 1)</Value>
								</Element>
								<Element index="9">
									<Name>BloomScale</Name>
									<Value>2</Value>
								</Element>
								<Element index="10">
									<Name>DepthBias</Name>
									<Value>0</Value>
								</Element>
								<Element index="11">
									<Name>Distortion</Name>
									<Value>false</Value>
								</Element>
								<Element index="12">
									<Name>FogStrength</Name>
									<Value>0</Value>
								</Element>
								<Element index="13">
									<Name>HDRScale</Name>
									<Value>5</Value>
								</Element>
								<Element index="14">
									<Name>InvFadeDistance</Name>
									<Value>0</Value>
								</Element>
								<Element index="15">
									<Name>Local</Name>
									<Value>false</Value>
								</Element>
								<Element index="16">
									<Name>ModulateColor</Name>
									<Value>(1, 1, 1, 5)</Value>
								</Element>
								<Element index="17">
									<Name>Soft</Name>
									<Value>false</Value>
								</Element>
								<Element index="18">
									<Name>UVScale</Name>
									<Value>(1, 1)</Value>
								</Element>
							</Parameters>
							<InactiveParameters count="0" ordered="true"/>
							<MultiPassMaterials count="0" ordered="true"/>
						</Element>
						<Element index="5">
							<LayerName>diquan_submat</LayerName>
							<ShaderName>Particle</ShaderName>
							<Parameters count="19" ordered="true">
								<Element index="0">
									<Name>DepthBuffer</Name>
									<Value>00000000-0000-0000-0000-000000000000</Value>
								</Element>
								<Element index="1">
									<Name>DiffuseTexture</Name>
									<Value>8449b298-fc45-43dc-b1c0-eaee03045d33</Value>
								</Element>
								<Element index="2">
									<Name>SSProfilesTextureGlobel</Name>
									<Value>00000000-0000-0000-0000-000000000000</Value>
								</Element>
								<Element index="3">
									<Name>ScreenTexture</Name>
									<Value>00000000-0000-0000-0000-000000000000</Value>
								</Element>
								<Element index="4">
									<Name>tIRVDayTextureA</Name>
									<Value>00000000-0000-0000-0000-000000000000</Value>
								</Element>
								<Element index="5">
									<Name>tIRVNightTextureA</Name>
									<Value>00000000-0000-0000-0000-000000000000</Value>
								</Element>
								<Element index="6">
									<Name>tScatteringAndTransmittanceVolume</Name>
									<Value>00000000-0000-0000-0000-000000000000</Value>
								</Element>
								<Element index="7">
									<Name>tShadowMapArray</Name>
									<Value>00000000-0000-0000-0000-000000000000</Value>
								</Element>
								<Element index="8">
									<Name>AdditionColor</Name>
									<Value>(1, 1, 1, 1)</Value>
								</Element>
								<Element index="9">
									<Name>BloomScale</Name>
									<Value>0.5</Value>
								</Element>
								<Element index="10">
									<Name>DepthBias</Name>
									<Value>0</Value>
								</Element>
								<Element index="11">
									<Name>Distortion</Name>
									<Value>false</Value>
								</Element>
								<Element index="12">
									<Name>FogStrength</Name>
									<Value>0</Value>
								</Element>
								<Element index="13">
									<Name>HDRScale</Name>
									<Value>3</Value>
								</Element>
								<Element index="14">
									<Name>InvFadeDistance</Name>
									<Value>0</Value>
								</Element>
								<Element index="15">
									<Name>Local</Name>
									<Value>true</Value>
								</Element>
								<Element index="16">
									<Name>ModulateColor</Name>
									<Value>(1, 1, 1, 2)</Value>
								</Element>
								<Element index="17">
									<Name>Soft</Name>
									<Value>false</Value>
								</Element>
								<Element index="18">
									<Name>UVScale</Name>
									<Value>(1, 1)</Value>
								</Element>
							</Parameters>
							<InactiveParameters count="0" ordered="true"/>
							<MultiPassMaterials count="0" ordered="true"/>
						</Element>
						<Element index="6">
							<LayerName>smoke_submat</LayerName>
							<ShaderName>Particle</ShaderName>
							<Parameters count="19" ordered="true">
								<Element index="0">
									<Name>DepthBuffer</Name>
									<Value>00000000-0000-0000-0000-000000000000</Value>
								</Element>
								<Element index="1">
									<Name>DiffuseTexture</Name>
									<Value>f1a93866-f8ee-4096-9154-a5f05c6f513f</Value>
								</Element>
								<Element index="2">
									<Name>SSProfilesTextureGlobel</Name>
									<Value>00000000-0000-0000-0000-000000000000</Value>
								</Element>
								<Element index="3">
									<Name>ScreenTexture</Name>
									<Value>00000000-0000-0000-0000-000000000000</Value>
								</Element>
								<Element index="4">
									<Name>tIRVDayTextureA</Name>
									<Value>00000000-0000-0000-0000-000000000000</Value>
								</Element>
								<Element index="5">
									<Name>tIRVNightTextureA</Name>
									<Value>00000000-0000-0000-0000-000000000000</Value>
								</Element>
								<Element index="6">
									<Name>tScatteringAndTransmittanceVolume</Name>
									<Value>00000000-0000-0000-0000-000000000000</Value>
								</Element>
								<Element index="7">
									<Name>tShadowMapArray</Name>
									<Value>00000000-0000-0000-0000-000000000000</Value>
								</Element>
								<Element index="8">
									<Name>AdditionColor</Name>
									<Value>(1, 1, 1, 1)</Value>
								</Element>
								<Element index="9">
									<Name>BloomScale</Name>
									<Value>0.5</Value>
								</Element>
								<Element index="10">
									<Name>DepthBias</Name>
									<Value>0</Value>
								</Element>
								<Element index="11">
									<Name>Distortion</Name>
									<Value>false</Value>
								</Element>
								<Element index="12">
									<Name>FogStrength</Name>
									<Value>0</Value>
								</Element>
								<Element index="13">
									<Name>HDRScale</Name>
									<Value>2</Value>
								</Element>
								<Element index="14">
									<Name>InvFadeDistance</Name>
									<Value>0</Value>
								</Element>
								<Element index="15">
									<Name>Local</Name>
									<Value>true</Value>
								</Element>
								<Element index="16">
									<Name>ModulateColor</Name>
									<Value>(1, 1, 1, 1)</Value>
								</Element>
								<Element index="17">
									<Name>Soft</Name>
									<Value>false</Value>
								</Element>
								<Element index="18">
									<Name>UVScale</Name>
									<Value>(1, 1)</Value>
								</Element>
							</Parameters>
							<InactiveParameters count="0" ordered="true"/>
							<MultiPassMaterials count="0" ordered="true"/>
						</Element>
						<Element index="7">
							<LayerName>round_spread01_submat</LayerName>
							<ShaderName>Effect/Twisted</ShaderName>
							<Parameters count="23" ordered="true">
								<Element index="0">
									<Name>DepthBuffer</Name>
									<Value>00000000-0000-0000-0000-000000000000</Value>
								</Element>
								<Element index="1">
									<Name>DiffuseTexture</Name>
									<Value>ab83f9ba-b164-442c-bb0a-29abda9deefa</Value>
								</Element>
								<Element index="2">
									<Name>MaskTexture</Name>
									<Value>59e0ac22-b3af-4b79-b084-0d0443042b18</Value>
								</Element>
								<Element index="3">
									<Name>SSProfilesTextureGlobel</Name>
									<Value>00000000-0000-0000-0000-000000000000</Value>
								</Element>
								<Element index="4">
									<Name>TwistTexture</Name>
									<Value>e219fc2d-6025-4d48-b295-3314acb69afc</Value>
								</Element>
								<Element index="5">
									<Name>tIRVDayTextureA</Name>
									<Value>00000000-0000-0000-0000-000000000000</Value>
								</Element>
								<Element index="6">
									<Name>tIRVNightTextureA</Name>
									<Value>00000000-0000-0000-0000-000000000000</Value>
								</Element>
								<Element index="7">
									<Name>tScatteringAndTransmittanceVolume</Name>
									<Value>00000000-0000-0000-0000-000000000000</Value>
								</Element>
								<Element index="8">
									<Name>tShadowMapArray</Name>
									<Value>00000000-0000-0000-0000-000000000000</Value>
								</Element>
								<Element index="9">
									<Name>AdditionColor</Name>
									<Value>(1, 1, 1, 1)</Value>
								</Element>
								<Element index="10">
									<Name>BloomScale</Name>
									<Value>0.5</Value>
								</Element>
								<Element index="11">
									<Name>DepthBias</Name>
									<Value>-0.1</Value>
								</Element>
								<Element index="12">
									<Name>DiffuseUVScolling</Name>
									<Value>(1, 2, 1, -3)</Value>
								</Element>
								<Element index="13">
									<Name>Distortion</Name>
									<Value>false</Value>
								</Element>
								<Element index="14">
									<Name>FogStrength</Name>
									<Value>0</Value>
								</Element>
								<Element index="15">
									<Name>HDRScale</Name>
									<Value>2</Value>
								</Element>
								<Element index="16">
									<Name>InvFadeDistance</Name>
									<Value>0</Value>
								</Element>
								<Element index="17">
									<Name>Local</Name>
									<Value>true</Value>
								</Element>
								<Element index="18">
									<Name>MaskMapEnable</Name>
									<Value>true</Value>
								</Element>
								<Element index="19">
									<Name>ModulateColor</Name>
									<Value>(1, 1, 1, 0.85)</Value>
								</Element>
								<Element index="20">
									<Name>Soft</Name>
									<Value>false</Value>
								</Element>
								<Element index="21">
									<Name>TwistStrength</Name>
									<Value>(0, 0)</Value>
								</Element>
								<Element index="22">
									<Name>TwistUVScolling</Name>
									<Value>(1, 0.5, 0, 1)</Value>
								</Element>
							</Parameters>
							<InactiveParameters count="0" ordered="true"/>
							<MultiPassMaterials count="0" ordered="true"/>
						</Element>
						<Element index="8">
							<LayerName>mesh_fenweihuan_submat</LayerName>
							<ShaderName>Effect/Twisted</ShaderName>
							<Parameters count="23" ordered="true">
								<Element index="0">
									<Name>DepthBuffer</Name>
									<Value>00000000-0000-0000-0000-000000000000</Value>
								</Element>
								<Element index="1">
									<Name>DiffuseTexture</Name>
									<Value>53cc72a8-825d-473d-a6c5-4ba9438391d2</Value>
								</Element>
								<Element index="2">
									<Name>MaskTexture</Name>
									<Value>83e7e657-9504-4de7-8872-cadeaad6f557</Value>
								</Element>
								<Element index="3">
									<Name>SSProfilesTextureGlobel</Name>
									<Value>00000000-0000-0000-0000-000000000000</Value>
								</Element>
								<Element index="4">
									<Name>TwistTexture</Name>
									<Value>e23200c8-ea3d-4366-bd37-89a66bbacf70</Value>
								</Element>
								<Element index="5">
									<Name>tIRVDayTextureA</Name>
									<Value>00000000-0000-0000-0000-000000000000</Value>
								</Element>
								<Element index="6">
									<Name>tIRVNightTextureA</Name>
									<Value>00000000-0000-0000-0000-000000000000</Value>
								</Element>
								<Element index="7">
									<Name>tScatteringAndTransmittanceVolume</Name>
									<Value>00000000-0000-0000-0000-000000000000</Value>
								</Element>
								<Element index="8">
									<Name>tShadowMapArray</Name>
									<Value>00000000-0000-0000-0000-000000000000</Value>
								</Element>
								<Element index="9">
									<Name>AdditionColor</Name>
									<Value>(1, 1, 1, 1)</Value>
								</Element>
								<Element index="10">
									<Name>BloomScale</Name>
									<Value>0</Value>
								</Element>
								<Element index="11">
									<Name>DepthBias</Name>
									<Value>0</Value>
								</Element>
								<Element index="12">
									<Name>DiffuseUVScolling</Name>
									<Value>(2, 1, 3, 0)</Value>
								</Element>
								<Element index="13">
									<Name>Distortion</Name>
									<Value>false</Value>
								</Element>
								<Element index="14">
									<Name>FogStrength</Name>
									<Value>0</Value>
								</Element>
								<Element index="15">
									<Name>HDRScale</Name>
									<Value>2</Value>
								</Element>
								<Element index="16">
									<Name>InvFadeDistance</Name>
									<Value>0.5</Value>
								</Element>
								<Element index="17">
									<Name>Local</Name>
									<Value>true</Value>
								</Element>
								<Element index="18">
									<Name>MaskMapEnable</Name>
									<Value>false</Value>
								</Element>
								<Element index="19">
									<Name>ModulateColor</Name>
									<Value>(1, 1, 1, 1.5)</Value>
								</Element>
								<Element index="20">
									<Name>Soft</Name>
									<Value>true</Value>
								</Element>
								<Element index="21">
									<Name>TwistStrength</Name>
									<Value>(0, 0)</Value>
								</Element>
								<Element index="22">
									<Name>TwistUVScolling</Name>
									<Value>(1, 1, -0.5, 0)</Value>
								</Element>
							</Parameters>
							<InactiveParameters count="0" ordered="true"/>
							<MultiPassMaterials count="0" ordered="true"/>
						</Element>
					</Layers>
				</info>
				<flags count="9" ordered="true">
					<Element index="0">1048608</Element>
					<Element index="1">1048608</Element>
					<Element index="2">1048608</Element>
					<Element index="3">1048608</Element>
					<Element index="4">1048608</Element>
					<Element index="5">1048608</Element>
					<Element index="6">7340064</Element>
					<Element index="7">1048608</Element>
					<Element index="8">1048608</Element>
				</flags>
				<CustomRenderset count="1" ordered="true">
					<Element index="0">0</Element>
				</CustomRenderset>
			</Entity>
		</Root>
	</SMaterialData>
</Resource>

