{
    "custom_editor_type": "custom_editor_icon",
    "describe": "",
    "has_upload": false,
    "key": 134276955,
    "md5": "474a9349021fa210b2f26f73539ecaf5",
    "name": "\u661f\u7403\u7891\u4e0e\u751f\u7269-1",
    "path": "ui/134276955",
    "res_name": "\u661f\u7403\u7891\u4e0e\u751f\u7269-1.png",
    "size": "649X135",
    "sub_type": "icon",
    "uid": "134276955",
    "url": "https://kk3.nosdn.127.net/editor/png/1fee01377326bd003e7a266d14a3ae06.png",
    "version": 1,
    "res_type": "editor_icon",
    "import_export_folder_info": "/code_explorer_custom_root_folder_name"
}