{
    "custom_editor_type": "custom_editor_icon",
    "describe": "",
    "has_upload": false,
    "key": 134243981,
    "md5": "9aa2231045c8b3d3cfba7e665b3a46f9",
    "name": "\u7ea2\u8272\u906e\u7f693",
    "path": "ui/134243981",
    "res_name": "\u7ea2\u8272\u906e\u7f693.png",
    "size": "1912X1080",
    "sub_type": "icon",
    "uid": "134243981",
    "url": "https://kk3.nosdn.127.net/editor/png/6d475cd83a066335ffc25348f7d00213.png",
    "version": 1,
    "res_type": "editor_icon",
    "import_export_folder_info": "/code_explorer_custom_root_folder_name"
}