{
    "custom_editor_type": "custom_editor_icon",
    "describe": "",
    "has_upload": false,
    "key": 134236557,
    "md5": "566d11e570a838a7b220c8bbda4c72cc",
    "name": "\u573a\u57303_1",
    "path": "ui/134236557",
    "res_name": "\u573a\u57303.png",
    "size": "368X357",
    "sub_type": "icon",
    "uid": "134236557",
    "url": "https://kk3.nosdn.127.net/editor/png/8ba6baeff53197ce4f6f2c243544c1d1.png",
    "version": 1,
    "res_type": "editor_icon",
    "import_export_folder_info": "/code_explorer_custom_root_folder_name"
}