{
    "custom_editor_type": "custom_editor_icon",
    "describe": "",
    "has_upload": false,
    "key": 134228722,
    "md5": "122f89f4a77e6e60918bbb0451cc4bad",
    "name": "\u8fb9\u754c\u9634\u5f71",
    "path": "ui/134228722",
    "res_name": "\u8fb9\u754c\u9634\u5f71.png",
    "size": "1920X1080",
    "sub_type": "icon",
    "uid": "134228722",
    "url": "https://kk3.nosdn.127.net/editor/png/761888ad8b5b92abf852070e0e973049.png",
    "version": 1,
    "res_type": "editor_icon",
    "import_export_folder_info": "/code_explorer_custom_root_folder_name"
}