{
    "custom_editor_type": "custom_editor_icon",
    "describe": "",
    "has_upload": false,
    "key": 134259426,
    "md5": "91ba82052d743aff70b3f81661b3fbe9",
    "name": "\u4fe1\u606f\u680f4",
    "path": "ui/134259426",
    "res_name": "\u4fe1\u606f\u680f4.png",
    "size": "772X898",
    "sub_type": "icon",
    "uid": "134259426",
    "url": "https://kk3.nosdn.127.net/editor/png/c5969bcf4facaffea679670d29f2316b.png",
    "version": 1,
    "res_type": "editor_icon",
    "import_export_folder_info": "/code_explorer_custom_root_folder_name"
}