{
    "custom_editor_type": "custom_editor_icon",
    "describe": "",
    "has_upload": false,
    "key": 134239148,
    "md5": "893eb88de755d19717abafaedd0f2bd9",
    "name": "\u77f3\u7891 1",
    "path": "ui/134239148",
    "res_name": "\u77f3\u7891 1.png",
    "size": "833X840",
    "sub_type": "icon",
    "uid": "134239148",
    "url": "https://kk3.nosdn.127.net/editor/png/45e8892d8b1b850f81537da8f469415b.png",
    "version": 1,
    "res_type": "editor_icon",
    "import_export_folder_info": "/code_explorer_custom_root_folder_name"
}