{
    "custom_editor_type": "custom_editor_icon",
    "describe": "",
    "has_upload": false,
    "key": 134265544,
    "md5": "59a199aab3d8e95032e097542fb3d864",
    "name": "\u9875\u7801 (2)",
    "path": "ui/134265544",
    "res_name": "\u9875\u7801 (2).png",
    "size": "30X125",
    "sub_type": "icon",
    "uid": "134265544",
    "url": "https://kk3.nosdn.127.net/editor/png/b8aef9d73dd4e187e61f5a5fed1170ca.png",
    "version": 1,
    "res_type": "editor_icon",
    "import_export_folder_info": "/code_explorer_custom_root_folder_name"
}