{
    "custom_editor_type": "custom_editor_icon",
    "describe": "",
    "has_upload": false,
    "key": 134254421,
    "md5": "02b5b2a04a4c6ff3204c614294cf5177",
    "name": "\u98de\u8239\u4e8b\u6545",
    "path": "ui/134254421",
    "res_name": "\u98de\u8239\u4e8b\u6545.png",
    "size": "649X129",
    "sub_type": "icon",
    "uid": "134254421",
    "url": "https://kk3.nosdn.127.net/editor/png/774065c591848c4cd449c35beb6dd865.png",
    "version": 1,
    "res_type": "editor_icon",
    "import_export_folder_info": "/code_explorer_custom_root_folder_name"
}