{
    "custom_editor_type": "custom_editor_icon",
    "describe": "",
    "has_upload": false,
    "key": 134273624,
    "md5": "9040f415518c5ba9bf62da3a1f066975",
    "name": "\u661f\u7403\u7891\u4e0e\u661f\u7403-2",
    "path": "ui/134273624",
    "res_name": "\u661f\u7403\u7891\u4e0e\u661f\u7403-2.png",
    "size": "649X135",
    "sub_type": "icon",
    "uid": "134273624",
    "url": "https://kk3.nosdn.127.net/editor/png/827f3b5956b03da481c9665179538b89.png",
    "version": 1,
    "res_type": "editor_icon",
    "import_export_folder_info": "/code_explorer_custom_root_folder_name"
}