{
    "custom_editor_type": "custom_editor_icon",
    "describe": "",
    "has_upload": false,
    "key": 134223216,
    "md5": "6c4b50b8256a32434b8794a7583999d7",
    "name": "\u5e73\u8861\u91cd\u5851-1",
    "path": "ui/134223216",
    "res_name": "\u5e73\u8861\u91cd\u5851-1.png",
    "size": "649X114",
    "sub_type": "icon",
    "uid": "134223216",
    "url": "https://kk3.nosdn.127.net/editor/png/c798ad33fb038d26fb5db0355cf907ec.png",
    "version": 1,
    "res_type": "editor_icon",
    "import_export_folder_info": "/code_explorer_custom_root_folder_name"
}