{
    "custom_editor_type": "custom_editor_icon",
    "describe": "",
    "has_upload": false,
    "key": 134252069,
    "md5": "2c980d94c2b0432e4fcb76b8223854ec",
    "name": "\u81ea\u52a8\u586b\u5165\u6309\u94ae",
    "path": "ui/134252069",
    "res_name": "\u81ea\u52a8\u586b\u5165\u6309\u94ae.png",
    "size": "157X69",
    "sub_type": "icon",
    "uid": "134252069",
    "url": "https://kk3.nosdn.127.net/editor/png/78f2705001560faca6b565ada838fc9a.png",
    "version": 1,
    "res_type": "editor_icon",
    "import_export_folder_info": "/code_explorer_custom_root_folder_name"
}