{
    "custom_editor_type": "custom_editor_icon",
    "describe": "",
    "has_upload": false,
    "key": 134254295,
    "md5": "1529bdfe64fc2ac91e88137a78e8bcdc",
    "name": "\u9875\u7801 (4)",
    "path": "ui/134254295",
    "res_name": "\u9875\u7801 (4).png",
    "size": "29X125",
    "sub_type": "icon",
    "uid": "134254295",
    "url": "https://kk3.nosdn.127.net/editor/png/370aa1355df9a6ba9a5ba465ba0fd743.png",
    "version": 1,
    "res_type": "editor_icon",
    "import_export_folder_info": "/code_explorer_custom_root_folder_name"
}