{
    "custom_editor_type": "custom_editor_icon",
    "describe": "",
    "has_upload": false,
    "key": 134235301,
    "md5": "c09080999bff19e3e75f5e23f5d2c602",
    "name": "\u7761\u7720\u6846",
    "path": "ui/134235301",
    "res_name": "\u7761\u7720\u6846.png",
    "size": "882X1053",
    "sub_type": "icon",
    "uid": "134235301",
    "url": "https://kk3.nosdn.127.net/editor/png/89bee0229021364b562a86f6344e3e0b.png",
    "version": 1,
    "res_type": "editor_icon",
    "import_export_folder_info": "/code_explorer_custom_root_folder_name"
}