{
    "custom_editor_type": "custom_editor_icon",
    "describe": "",
    "has_upload": false,
    "key": 134269716,
    "md5": "69f08f01692a83a3c20df5f1d9906fd4",
    "name": "\u65b0\u7684\u79e9\u5e8f-1",
    "path": "ui/134269716",
    "res_name": "\u65b0\u7684\u79e9\u5e8f-1.png",
    "size": "649X135",
    "sub_type": "icon",
    "uid": "134269716",
    "url": "https://kk3.nosdn.127.net/editor/png/f856f55439a269325ddd73bbb918301f.png",
    "version": 1,
    "res_type": "editor_icon",
    "import_export_folder_info": "/code_explorer_custom_root_folder_name"
}