{
    "custom_editor_type": "custom_editor_icon",
    "describe": "",
    "has_upload": false,
    "key": 134279138,
    "md5": "19028998c8f0e16797673bd61576e2d7",
    "name": "\u6545\u4e8b (1)",
    "path": "ui/134279138",
    "res_name": "\u6545\u4e8b (1).png",
    "size": "156X103",
    "sub_type": "icon",
    "uid": "134279138",
    "url": "https://kk3.nosdn.127.net/editor/png/576207caee894d4d68a480e6bfdc2f69.png",
    "version": 1,
    "res_type": "editor_icon",
    "import_export_folder_info": "/code_explorer_custom_root_folder_name"
}