{
    "custom_editor_type": "custom_editor_icon",
    "describe": "",
    "has_upload": false,
    "key": 134268149,
    "md5": "34db06199db0c520d179eda009b38c95",
    "name": "\u767d\u5929",
    "path": "ui/134268149",
    "res_name": "\u767d\u5929.png",
    "size": "48X60",
    "sub_type": "icon",
    "uid": "134268149",
    "url": "https://kk3.nosdn.127.net/editor/png/293422714942c0e06b293ec7096e9b5e.png",
    "version": 1,
    "res_type": "editor_icon",
    "import_export_folder_info": "/code_explorer_custom_root_folder_name"
}