{
    "custom_editor_type": "custom_editor_icon",
    "describe": "",
    "has_upload": false,
    "key": 134220325,
    "md5": "654e02d18ec136bc62d838b9f6c68b67",
    "name": "\u65b0\u7684\u79e9\u5e8f-4",
    "path": "ui/134220325",
    "res_name": "\u65b0\u7684\u79e9\u5e8f-4.png",
    "size": "649X99",
    "sub_type": "icon",
    "uid": "134220325",
    "url": "https://kk3.nosdn.127.net/editor/png/c82e473b11e1ac562be7d0ebedbf76b1.png",
    "version": 1,
    "res_type": "editor_icon",
    "import_export_folder_info": "/code_explorer_custom_root_folder_name"
}