{
    "134265777": {
        "editor_effect": {
            "model_id": 134260881,
            "preview_icon": "",
            "name": "\u84dd\u9f99\u7279\u6548",
            "describe": "134265777",
            "key": 134265777,
            "res_type": "kkres",
            "res_identify": "",
            "scale": 1.0,
            "uid": "134265777",
            "source_effect": [
                101611
            ],
            "version": 1,
            "md5": "c10a71159c638901a64970dc073a488d",
            "deps_info": {
                "deps": [
                    [
                        "editor_icon",
                        900027
                    ],
                    [
                        "editor_icon",
                        901898
                    ],
                    [
                        "editor_icon",
                        901554
                    ],
                    [
                        "editor_icon",
                        901044
                    ],
                    [
                        "editor_icon",
                        902249
                    ],
                    [
                        "editor_icon",
                        902253
                    ],
                    [
                        "editor_icon",
                        901135
                    ],
                    [
                        "editor_icon",
                        901098
                    ],
                    [
                        "editor_icon",
                        900560
                    ]
                ],
                "sound_id_list": []
            }
        },
        "model": {
            "name": "\u84dd\u9f99\u7279\u6548",
            "model_id": 134260881,
            "effect_path": "Fx_Effect/Realism/Fx_Skill/Wind/Wind_LY_skill_f_04_copy",
            "meshes": [],
            "custom": true,
            "effect_keep": false,
            "effect_max_life": 1.400000053,
            "is_beam_effect": false
        }
    },
    "sub_type": null,
    "res_type": "editor_effect",
    "import_export_folder_info": "/code_explorer_custom_root_folder_name"
}