{
    "custom_editor_type": "custom_editor_icon",
    "describe": "",
    "has_upload": false,
    "key": 134277282,
    "md5": "1a2b116b9f49e57be70d5e4138c79573",
    "name": "\u786e\u8ba4\u7761\u7720",
    "path": "ui/134277282",
    "res_name": "\u786e\u8ba4\u7761\u7720.png",
    "size": "232X77",
    "sub_type": "icon",
    "uid": "134277282",
    "url": "https://kk3.nosdn.127.net/editor/png/471000f986fc418468866457f165e840.png",
    "version": 1,
    "res_type": "editor_icon",
    "import_export_folder_info": "/code_explorer_custom_root_folder_name"
}