{
    "custom_editor_type": "custom_editor_icon",
    "describe": "",
    "has_upload": false,
    "key": 134217845,
    "md5": "1b983cc9c10b884f8c56d2a8c6ef3180",
    "name": "\u63d0\u793a",
    "path": "ui/134217845",
    "res_name": "\u63d0\u793a.png",
    "size": "572X171",
    "sub_type": "icon",
    "uid": "134217845",
    "url": "https://kk3.nosdn.127.net/editor/png/548352eb9b5c3f15429d5e69a92874ca.png",
    "version": 1,
    "res_type": "editor_icon",
    "import_export_folder_info": "/code_explorer_custom_root_folder_name"
}