{
    "custom_editor_type": "custom_editor_icon",
    "describe": "",
    "has_upload": false,
    "key": 134234449,
    "md5": "e13df1b0aa6dc11ff9b435f812438a38",
    "name": "XR-487",
    "path": "ui/134234449",
    "res_name": "XR-487.png",
    "size": "649X96",
    "sub_type": "icon",
    "uid": "134234449",
    "url": "https://kk3.nosdn.127.net/editor/png/f21c41b558fb5c18295e0432e22b04b2.png",
    "version": 1,
    "res_type": "editor_icon",
    "import_export_folder_info": "/code_explorer_custom_root_folder_name"
}